[{"name":"mubin","email":"mubinsakib@gmail.com","username":"mubin","password":"1111","cpassword":"1111","gender":"male","dob":"1999-11-12"},{"name":"hasan","email":"hasan@gmail.com","username":"hasan","password":"2222","cpassword":"2222","gender":"male","dob":"2002-11-13"},{"name":"sakib","email":"sakib@gmail.com","username":"sakib","password":"3333","cpassword":"3333","gender":"male","dob":"2004-11-13"},{"name":"MMM","email":"mubinsakib@gmail.com","username":"mmm","password":"1111","cpassword":"1111","gender":"male","dob":"2022-07-06"}]