[{"name":"Ahatesham rabbi","e-mail":"Prof. Dr. Deen Mohd. Noorul Huq","username":"Sun- 4.00pm"},{"name":"Rabbi","e-mail":"Prof. Dr. Faridul Hasan","username":"mon- 12.00PM"},{"name":"Promin","e-mail":"Professor Dr. Mansur Habib","username":"wed. 3.00pm"},{"name":"dfdfhdhfd","e-mail":"fdhhhd","username":"wed 2.30"},{"name":"dfdfhdhfd","e-mail":"fdhhhd","username":"wed 2.30"},{"name":"dfdfhdhfd","e-mail":"fdhhhd","username":"wed 2.30"},{"name":"dfdfhdhfd","e-mail":"fdhhhd","username":"wed 2.30"},{"name":"dfdfhdhfd","e-mail":"fdhhhd","username":"wed 2.30"},{"name":"dfdfhdhfd","e-mail":"fdhhhd","username":"wed 2.30"},{"name":"mubin","e-mail":"Prof. Dr. Md. Kamrul Islam","username":"monday 8am"},{"name":"mubin","e-mail":"Prof. Dr. Md. Abdul Hye","username":"Sat,mon,wed "},{"name":"mubin","e-mail":"mubinsakib@gmail.com","username":"Sat,mon,wed "},{"name":"mubin","e-mail":"Prof. Dr. Md. Abdul Hye","username":"Sat,mon,wed"}]