[{"view_post":"mubin"},{"view_post":"i need doctor"},{"view_post":"hi"},{"view_post":"i need a eye specialist doctor."},{"view_post":"i need help"},{"view_post":"hi..I need a neuromedicine doctor."},{"view_post":"hello"},{"view_post":"hello"},{"view_post":"thank you."},{"view_post":"hello"},{"view_post":"hi"},{"view_post":"hello"},{"view_post":"i need help"},{"view_post":"i need a eye specialist doctor"},{"view_post":"kkkk"},{"view_post":"sdsd"},{"view_post":"sds"},{"view_post":"nnn"},{"view_post":"hhh"}]